<root type='CompilationUnit'><packageDeclaration type='PackageDeclaration'><name type='Name' identifier='example'></name></packageDeclaration><comment type='LineComment' content=' Code copied from ASTexplorer.net's sample java code'></comment><imports><import type='ImportDeclaration' isAsterisk='false' isStatic='false'><name type='Name' identifier='ArrayList'><qualifier type='Name' identifier='util'><qualifier type='Name' identifier='java'></qualifier></qualifier></name></import><import type='ImportDeclaration' isAsterisk='false' isStatic='false'><name type='Name' identifier='List'><qualifier type='Name' identifier='util'><qualifier type='Name' identifier='java'></qualifier></qualifier></name></import></imports><types><type type='ClassOrInterfaceDeclaration' isInterface='false'><name type='SimpleName' identifier='Example'></name><members><member type='FieldDeclaration'><modifiers><modifier type='Modifier' keyword='PRIVATE'></modifier></modifiers><variables><variable type='VariableDeclarator'><name type='SimpleName' identifier='names'></name><type type='ClassOrInterfaceType'><name type='SimpleName' identifier='ArrayList'></name><typeArguments><typeArgument type='ClassOrInterfaceType'><name type='SimpleName' identifier='String'></name></typeArgument></typeArguments></type></variable></variables></member><member type='ConstructorDeclaration'><body type='BlockStmt'><statements><statement type='ExpressionStmt'><expression type='AssignExpr' operator='ASSIGN'><target type='NameExpr'><name type='SimpleName' identifier='names'></name></target><value type='ObjectCreationExpr'><type type='ClassOrInterfaceType'><name type='SimpleName' identifier='ArrayList'></name></type></value></expression></statement></statements></body><name type='SimpleName' identifier='Example'></name><modifiers><modifier type='Modifier' keyword='PUBLIC'></modifier></modifiers></member><member type='MethodDeclaration'><body type='BlockStmt'><statements><statement type='ExpressionStmt'><expression type='MethodCallExpr'><name type='SimpleName' identifier='add'></name><scope type='NameExpr'><name type='SimpleName' identifier='names'></name></scope><arguments><argument type='NameExpr'><name type='SimpleName' identifier='name'></name></argument></arguments></expression></statement></statements></body><type type='VoidType'></type><name type='SimpleName' identifier='addName'></name><modifiers><modifier type='Modifier' keyword='PUBLIC'></modifier></modifiers><parameters><parameter type='Parameter' isVarArgs='false'><name type='SimpleName' identifier='name'></name><type type='ClassOrInterfaceType'><name type='SimpleName' identifier='String'></name></type></parameter></parameters></member><member type='MethodDeclaration'><body type='BlockStmt'><statements><statement type='ReturnStmt'><expression type='ObjectCreationExpr'><type type='ClassOrInterfaceType'><name type='SimpleName' identifier='ArrayList'></name></type><arguments><argument type='NameExpr'><name type='SimpleName' identifier='names'></name></argument></arguments></expression></statement></statements></body><type type='ClassOrInterfaceType'><name type='SimpleName' identifier='List'></name><typeArguments><typeArgument type='ClassOrInterfaceType'><name type='SimpleName' identifier='String'></name></typeArgument></typeArguments></type><name type='SimpleName' identifier='getNames'></name><modifiers><modifier type='Modifier' keyword='PUBLIC'></modifier></modifiers></member></members><modifiers><modifier type='Modifier' keyword='PUBLIC'></modifier></modifiers></type></types></root>